{
  "put": {
    "a": 0.08307016462553815,
    "b": 1.6063921021486323,
    "c": -0.7575891074165354,
    "d": 0.16131345888494794,
    "rmse": 0.04219256942048733,
    "r2": 0.9369192432342142,
    "n_points": 750
  },
  "call": {
    "a": 0.1379809309639101,
    "b": 0.15311673241168738,
    "c": 1.9716888549850382,
    "d": -0.007702165666974244,
    "rmse": 0.01908021355001813,
    "r2": 0.4820249463548476,
    "n_points": 377
  },
  "put_spread": {
    "a": 0.9209741115478132,
    "b": 55.26445378972527
  },
  "call_spread": {
    "a": 6.212759955994162,
    "b": 6.614915381959263
  }
}